Feedback,Category
Wrong color received and I need help.,Product
Gift wrapping available for order #82633.,General Inquiry
Checkout page not loading for my recent order.,Technical Support
Package not received on my first attempt.,Delivery
Password reset not working as soon as possible.,Technical Support
Can I change my address since yesterday.,General Inquiry
Cannot log in for my recent order.,Technical Support
Order still in transit for my recent order.,Delivery
Refund is delayed as soon as possible.,Billing
Invoice is incorrect every time I try.,Billing
Package not received since yesterday.,Delivery
Search feature not working for the last two days.,Technical Support
Courier delivered to wrong address on my first attempt.,Delivery
Courier delivered to wrong address for my recent order.,Delivery
Mobile app closes automatically please resolve this quickly.,Technical Support
Wrong size received for the last two days.,Product
I was charged twice please resolve this quickly.,Billing
Shipment delayed after the latest update.,Delivery
Product arrived broken for the last two days.,Product
App is slow for order #41348.,Technical Support
Shipment delayed on my first attempt.,Delivery
Delivery person never arrived as soon as possible.,Delivery
Button not working as soon as possible.,Product
Device overheats as soon as possible.,Product
Refund not received for order #51467.,Billing
I was charged twice since yesterday.,Billing
Can I cancel my order for my recent order.,General Inquiry
App is slow every time I try.,Technical Support
Package damaged during delivery for my recent order.,Delivery
I was charged twice on my first attempt.,Billing
Received after expected date for my recent order.,Delivery
Error message displayed for the last two days.,Technical Support
Mobile app closes automatically for order #24896.,Technical Support
Do you offer discounts as soon as possible.,General Inquiry
My payment failed for my recent order.,Billing
Button not working as soon as possible.,Product
App is slow and I need help.,Technical Support
Delivery person never arrived every time I try.,Delivery
Payment gateway error please resolve this quickly.,Billing
Checkout page not loading for the last two days.,Technical Support
Invoice is incorrect after the latest update.,Billing
Website keeps crashing every time I try.,Technical Support
Do you offer discounts after the latest update.,General Inquiry
My payment failed and I need help.,Billing
Cannot update payment method please resolve this quickly.,Billing
Can I cancel my order as soon as possible.,General Inquiry
Gift wrapping available for my recent order.,General Inquiry
What are your business hours every time I try.,General Inquiry
Application freezes for my recent order.,Technical Support
How can I contact support please resolve this quickly.,General Inquiry
Order still in transit for order #72021.,Delivery
Unexpected billing amount for order #96752.,Billing
App is slow after the latest update.,Technical Support
Received after expected date please resolve this quickly.,Delivery
App is slow for the last two days.,Technical Support
Package damaged during delivery please resolve this quickly.,Delivery
International shipping available please resolve this quickly.,General Inquiry
Cannot update payment method on my first attempt.,Billing
Mobile app closes automatically after the latest update.,Technical Support
Checkout page not loading every time I try.,Technical Support
Checkout page not loading as soon as possible.,Technical Support
Not as described after the latest update.,Product
Refund not received on my first attempt.,Billing
Gift wrapping available for the last two days.,General Inquiry
Need invoice copy for order #79615.,Billing
Card declined incorrectly every time I try.,Billing
Application freezes for order #79013.,Technical Support
How can I contact support since yesterday.,General Inquiry
Delivery person never arrived for the last two days.,Delivery
My payment failed every time I try.,Billing
Not as described after the latest update.,Product
Can I change my address as soon as possible.,General Inquiry
I was charged twice every time I try.,Billing
Package not received for the last two days.,Delivery
Package not received for order #65933.,Delivery
Card declined incorrectly for order #10074.,Billing
Checkout page not loading for my recent order.,Technical Support
Package damaged during delivery for the last two days.,Delivery
Delivery person never arrived and I need help.,Delivery
Cannot update payment method every time I try.,Billing
Unexpected billing amount and I need help.,Billing
Invoice is incorrect as soon as possible.,Billing
Refund is delayed as soon as possible.,Billing
My payment failed on my first attempt.,Billing
Cannot update payment method since yesterday.,Billing
Need invoice copy every time I try.,Billing
Shipment delayed since yesterday.,Delivery
Package arrived late please resolve this quickly.,Delivery
Application freezes after the latest update.,Technical Support
I was charged twice as soon as possible.,Billing
International shipping available every time I try.,General Inquiry
I was charged twice after the latest update.,Billing
Warranty period for the last two days.,General Inquiry
Gift wrapping available after the latest update.,General Inquiry
Device overheats on my first attempt.,Product
Cannot update payment method for order #63264.,Billing
Where is your office located after the latest update.,General Inquiry
Error message displayed as soon as possible.,Technical Support
Missing parts as soon as possible.,Product
Not as described for order #95394.,Product
Not as described and I need help.,Product
Application freezes for the last two days.,Technical Support
Server not responding since yesterday.,Technical Support
Button not working for order #52992.,Product
Shipment delayed since yesterday.,Delivery
Missing parts for my recent order.,Product
Can I change my address since yesterday.,General Inquiry
Where is your office located and I need help.,General Inquiry
I was charged twice for order #30374.,Billing
Package not received for my recent order.,Delivery
Can I change my address after the latest update.,General Inquiry
Need invoice copy and I need help.,Billing
How can I contact support on my first attempt.,General Inquiry
Password reset not working since yesterday.,Technical Support
How can I contact support since yesterday.,General Inquiry
Received after expected date please resolve this quickly.,Delivery
Password reset not working please resolve this quickly.,Technical Support
What payment methods are accepted since yesterday.,General Inquiry
Card declined incorrectly please resolve this quickly.,Billing
Search feature not working every time I try.,Technical Support
Website keeps crashing as soon as possible.,Technical Support
Received after expected date and I need help.,Delivery
Package damaged during delivery after the latest update.,Delivery
Application freezes every time I try.,Technical Support
Error message displayed and I need help.,Technical Support
App is slow for my recent order.,Technical Support
Button not working every time I try.,Product
Product stopped working please resolve this quickly.,Product
Password reset not working every time I try.,Technical Support
Poor quality product for my recent order.,Product
Device overheats since yesterday.,Product
Can I cancel my order please resolve this quickly.,General Inquiry
How can I contact support and I need help.,General Inquiry
How can I contact support for my recent order.,General Inquiry
Do you offer discounts on my first attempt.,General Inquiry
Missing parts for the last two days.,Product
Can I change my address every time I try.,General Inquiry
Package damaged during delivery for the last two days.,Delivery
Package arrived late for order #80575.,Delivery
Received after expected date every time I try.,Delivery
I was charged twice for order #37938.,Billing
Product stopped working for my recent order.,Product
What payment methods are accepted for the last two days.,General Inquiry
Wrong color received please resolve this quickly.,Product
App is slow every time I try.,Technical Support
Product stopped working and I need help.,Product
Search feature not working as soon as possible.,Technical Support
Gift wrapping available every time I try.,General Inquiry
Courier delivered to wrong address on my first attempt.,Delivery
Error message displayed after the latest update.,Technical Support
Can I change my address for the last two days.,General Inquiry
Unexpected billing amount on my first attempt.,Billing
Not as described since yesterday.,Product
Card declined incorrectly on my first attempt.,Billing
Refund not received for the last two days.,Billing
Parcel missing after the latest update.,Delivery
Device overheats every time I try.,Product
Item is defective as soon as possible.,Product
Received after expected date as soon as possible.,Delivery
Product stopped working since yesterday.,Product
Order still in transit for my recent order.,Delivery
Warranty period as soon as possible.,General Inquiry
Not as described for my recent order.,Product
Search feature not working since yesterday.,Technical Support
Product stopped working every time I try.,Product
Where is your office located every time I try.,General Inquiry
Payment gateway error please resolve this quickly.,Billing
Order still in transit and I need help.,Delivery
How can I contact support and I need help.,General Inquiry
Mobile app closes automatically for my recent order.,Technical Support
Package arrived late please resolve this quickly.,Delivery
Unexpected billing amount as soon as possible.,Billing
Package damaged during delivery on my first attempt.,Delivery
Package not received and I need help.,Delivery
Package damaged during delivery please resolve this quickly.,Delivery
Package not received on my first attempt.,Delivery
App is slow and I need help.,Technical Support
Need invoice copy for my recent order.,Billing
App is slow please resolve this quickly.,Technical Support
Parcel missing please resolve this quickly.,Delivery
Parcel missing as soon as possible.,Delivery
Refund is delayed for order #42087.,Billing
Server not responding after the latest update.,Technical Support
Order still in transit please resolve this quickly.,Delivery
Refund is delayed as soon as possible.,Billing
Warranty period for order #23446.,General Inquiry
Warranty period after the latest update.,General Inquiry
Package damaged during delivery for order #11330.,Delivery
Application freezes for order #97562.,Technical Support
Search feature not working every time I try.,Technical Support
Cannot update payment method on my first attempt.,Billing
Can I change my address for order #29313.,General Inquiry
Where is your office located every time I try.,General Inquiry
I was charged twice please resolve this quickly.,Billing
Item is defective on my first attempt.,Product
Order still in transit and I need help.,Delivery
Parcel missing after the latest update.,Delivery
Received after expected date as soon as possible.,Delivery
Delivery person never arrived since yesterday.,Delivery
Server not responding as soon as possible.,Technical Support
Button not working as soon as possible.,Product
Gift wrapping available since yesterday.,General Inquiry
Invoice is incorrect after the latest update.,Billing
Error message displayed since yesterday.,Technical Support
Search feature not working and I need help.,Technical Support
Order still in transit for my recent order.,Delivery
Button not working for my recent order.,Product
Search feature not working as soon as possible.,Technical Support
Package arrived late after the latest update.,Delivery
Refund not received since yesterday.,Billing
Mobile app closes automatically and I need help.,Technical Support
Package damaged during delivery for the last two days.,Delivery
What payment methods are accepted every time I try.,General Inquiry
Search feature not working for order #83620.,Technical Support
Invoice is incorrect for my recent order.,Billing
Can I cancel my order for order #62196.,General Inquiry
Payment gateway error for order #89818.,Billing
Button not working on my first attempt.,Product
Cannot log in for order #94689.,Technical Support
Password reset not working since yesterday.,Technical Support
International shipping available after the latest update.,General Inquiry
Payment gateway error on my first attempt.,Billing
Server not responding after the latest update.,Technical Support
Shipment delayed after the latest update.,Delivery
Refund not received for order #40161.,Billing
Refund is delayed as soon as possible.,Billing
What payment methods are accepted as soon as possible.,General Inquiry
Warranty period every time I try.,General Inquiry
Can I cancel my order as soon as possible.,General Inquiry
Card declined incorrectly for my recent order.,Billing
Package arrived late on my first attempt.,Delivery
How can I contact support for my recent order.,General Inquiry
Order still in transit as soon as possible.,Delivery
Wrong color received since yesterday.,Product
Missing parts every time I try.,Product
Delivery person never arrived for my recent order.,Delivery
Cannot update payment method and I need help.,Billing
Wrong color received for order #64935.,Product
Cannot log in and I need help.,Technical Support
Website keeps crashing and I need help.,Technical Support
How can I contact support please resolve this quickly.,General Inquiry
Item is defective please resolve this quickly.,Product
Warranty period for order #44959.,General Inquiry
Do you offer discounts please resolve this quickly.,General Inquiry
Product arrived broken for my recent order.,Product
Server not responding every time I try.,Technical Support
Can I cancel my order after the latest update.,General Inquiry
Tracking not updating as soon as possible.,Delivery
Order still in transit every time I try.,Delivery
Cannot update payment method after the latest update.,Billing
Warranty period on my first attempt.,General Inquiry
Wrong color received and I need help.,Product
What are your business hours and I need help.,General Inquiry
Mobile app closes automatically every time I try.,Technical Support
Unexpected billing amount please resolve this quickly.,Billing
Warranty period after the latest update.,General Inquiry
Mobile app closes automatically and I need help.,Technical Support
Invoice is incorrect please resolve this quickly.,Billing
Invoice is incorrect and I need help.,Billing
Refund not received on my first attempt.,Billing
Wrong size received and I need help.,Product
What are your business hours for the last two days.,General Inquiry
Wrong color received as soon as possible.,Product
Parcel missing as soon as possible.,Delivery
Website keeps crashing every time I try.,Technical Support
Can I cancel my order since yesterday.,General Inquiry
Where is your office located for my recent order.,General Inquiry
How can I contact support for the last two days.,General Inquiry
Tracking not updating as soon as possible.,Delivery
Delivery person never arrived please resolve this quickly.,Delivery
Courier delivered to wrong address since yesterday.,Delivery
Gift wrapping available for the last two days.,General Inquiry
Parcel missing on my first attempt.,Delivery
What are your business hours since yesterday.,General Inquiry
Can I change my address on my first attempt.,General Inquiry
Application freezes since yesterday.,Technical Support
Shipment delayed for my recent order.,Delivery
What payment methods are accepted for the last two days.,General Inquiry
Warranty period every time I try.,General Inquiry
Wrong size received since yesterday.,Product
Can I change my address for order #71186.,General Inquiry
Shipment delayed please resolve this quickly.,Delivery
Server not responding after the latest update.,Technical Support
Delivery person never arrived every time I try.,Delivery
Shipment delayed after the latest update.,Delivery
What payment methods are accepted for my recent order.,General Inquiry
Warranty period and I need help.,General Inquiry
Wrong size received as soon as possible.,Product
Poor quality product for my recent order.,Product
International shipping available and I need help.,General Inquiry
How can I contact support after the latest update.,General Inquiry
Shipment delayed every time I try.,Delivery
Mobile app closes automatically please resolve this quickly.,Technical Support
Product stopped working for the last two days.,Product
Card declined incorrectly after the latest update.,Billing
What are your business hours for the last two days.,General Inquiry
Wrong size received as soon as possible.,Product
Website keeps crashing and I need help.,Technical Support
Where is your office located please resolve this quickly.,General Inquiry
Button not working and I need help.,Product
Wrong color received please resolve this quickly.,Product
Payment gateway error after the latest update.,Billing
Cannot update payment method as soon as possible.,Billing
Not as described after the latest update.,Product
I was charged twice on my first attempt.,Billing
Package arrived late since yesterday.,Delivery
Error message displayed and I need help.,Technical Support
Wrong size received for the last two days.,Product
Button not working for the last two days.,Product
Search feature not working since yesterday.,Technical Support
Can I change my address please resolve this quickly.,General Inquiry
Poor quality product for my recent order.,Product
Warranty period for the last two days.,General Inquiry
Product stopped working since yesterday.,Product
Not as described after the latest update.,Product
Item is defective on my first attempt.,Product
Delivery person never arrived every time I try.,Delivery
Button not working since yesterday.,Product
App is slow please resolve this quickly.,Technical Support
Wrong color received after the latest update.,Product
Cannot log in for my recent order.,Technical Support
Not as described for my recent order.,Product
Not as described for the last two days.,Product
Card declined incorrectly every time I try.,Billing
Invoice is incorrect for my recent order.,Billing
Parcel missing for order #20561.,Delivery
Package damaged during delivery after the latest update.,Delivery
Card declined incorrectly on my first attempt.,Billing
My payment failed every time I try.,Billing
Payment gateway error on my first attempt.,Billing
Package damaged during delivery after the latest update.,Delivery
Button not working and I need help.,Product
I was charged twice since yesterday.,Billing
Website keeps crashing as soon as possible.,Technical Support
Parcel missing for the last two days.,Delivery
Received after expected date for order #88047.,Delivery
Cannot log in as soon as possible.,Technical Support
Search feature not working every time I try.,Technical Support
Error message displayed for the last two days.,Technical Support
Search feature not working every time I try.,Technical Support
Item is defective as soon as possible.,Product
Warranty period and I need help.,General Inquiry
Mobile app closes automatically please resolve this quickly.,Technical Support
What payment methods are accepted and I need help.,General Inquiry
Item is defective every time I try.,Product
Tracking not updating on my first attempt.,Delivery
Parcel missing after the latest update.,Delivery
Product arrived broken after the latest update.,Product
Delivery person never arrived on my first attempt.,Delivery
Checkout page not loading on my first attempt.,Technical Support
Package not received on my first attempt.,Delivery
Can I change my address on my first attempt.,General Inquiry
What are your business hours since yesterday.,General Inquiry
Product arrived broken as soon as possible.,Product
Courier delivered to wrong address every time I try.,Delivery
Order still in transit for my recent order.,Delivery
My payment failed every time I try.,Billing
Gift wrapping available and I need help.,General Inquiry
Parcel missing as soon as possible.,Delivery
Item is defective on my first attempt.,Product
Refund not received please resolve this quickly.,Billing
My payment failed on my first attempt.,Billing
Missing parts as soon as possible.,Product
My payment failed for order #11934.,Billing
Package not received on my first attempt.,Delivery
How can I contact support and I need help.,General Inquiry
Item is defective for the last two days.,Product
Do you offer discounts since yesterday.,General Inquiry
Refund not received and I need help.,Billing
Package not received please resolve this quickly.,Delivery
Checkout page not loading for my recent order.,Technical Support
Can I change my address since yesterday.,General Inquiry
Package damaged during delivery and I need help.,Delivery
Payment gateway error as soon as possible.,Billing
What payment methods are accepted on my first attempt.,General Inquiry
Server not responding on my first attempt.,Technical Support
My payment failed after the latest update.,Billing
Wrong color received for order #94518.,Product
What are your business hours for my recent order.,General Inquiry
Poor quality product since yesterday.,Product
Cannot update payment method every time I try.,Billing
Product arrived broken as soon as possible.,Product
Checkout page not loading after the latest update.,Technical Support
Tracking not updating for my recent order.,Delivery
Payment gateway error please resolve this quickly.,Billing
Wrong size received for the last two days.,Product
Courier delivered to wrong address please resolve this quickly.,Delivery
Package arrived late for order #48290.,Delivery
Wrong color received for the last two days.,Product
Not as described for my recent order.,Product
Error message displayed for the last two days.,Technical Support
International shipping available for the last two days.,General Inquiry
How can I contact support for my recent order.,General Inquiry
Payment gateway error since yesterday.,Billing
Can I cancel my order since yesterday.,General Inquiry
Gift wrapping available since yesterday.,General Inquiry
Wrong color received for the last two days.,Product
Courier delivered to wrong address as soon as possible.,Delivery
Unexpected billing amount for my recent order.,Billing
How can I contact support since yesterday.,General Inquiry
Missing parts as soon as possible.,Product
Card declined incorrectly after the latest update.,Billing
Error message displayed for order #89354.,Technical Support
Invoice is incorrect for order #27342.,Billing
Refund not received after the latest update.,Billing
International shipping available and I need help.,General Inquiry
Button not working please resolve this quickly.,Product
Cannot log in since yesterday.,Technical Support
Server not responding every time I try.,Technical Support
Shipment delayed and I need help.,Delivery
Delivery person never arrived for order #81582.,Delivery
Button not working since yesterday.,Product
My payment failed for order #36062.,Billing
Application freezes for my recent order.,Technical Support
Not as described since yesterday.,Product
Refund is delayed please resolve this quickly.,Billing
Delivery person never arrived and I need help.,Delivery
Cannot log in as soon as possible.,Technical Support
International shipping available as soon as possible.,General Inquiry
Card declined incorrectly for my recent order.,Billing
Can I cancel my order for my recent order.,General Inquiry
Product arrived broken every time I try.,Product
Error message displayed for my recent order.,Technical Support
Button not working after the latest update.,Product
Courier delivered to wrong address on my first attempt.,Delivery
Order still in transit on my first attempt.,Delivery
Search feature not working please resolve this quickly.,Technical Support
Unexpected billing amount for the last two days.,Billing
Search feature not working since yesterday.,Technical Support
Mobile app closes automatically for the last two days.,Technical Support
Search feature not working as soon as possible.,Technical Support
Password reset not working after the latest update.,Technical Support
My payment failed for the last two days.,Billing
I was charged twice on my first attempt.,Billing
My payment failed for my recent order.,Billing
Do you offer discounts after the latest update.,General Inquiry
Server not responding after the latest update.,Technical Support
Mobile app closes automatically for order #57425.,Technical Support
Refund is delayed after the latest update.,Billing
Unexpected billing amount for the last two days.,Billing
Shipment delayed as soon as possible.,Delivery
Payment gateway error after the latest update.,Billing
International shipping available for the last two days.,General Inquiry
Invoice is incorrect please resolve this quickly.,Billing
How can I contact support since yesterday.,General Inquiry
Wrong color received after the latest update.,Product
Shipment delayed for order #79588.,Delivery
Device overheats for my recent order.,Product
What are your business hours after the latest update.,General Inquiry
Device overheats as soon as possible.,Product
Device overheats please resolve this quickly.,Product
Mobile app closes automatically as soon as possible.,Technical Support
Application freezes on my first attempt.,Technical Support
What payment methods are accepted for my recent order.,General Inquiry
Tracking not updating as soon as possible.,Delivery
Device overheats as soon as possible.,Product
My payment failed after the latest update.,Billing
Invoice is incorrect for order #88907.,Billing
How can I contact support please resolve this quickly.,General Inquiry
Payment gateway error since yesterday.,Billing
Missing parts for order #14809.,Product
Cannot update payment method please resolve this quickly.,Billing
Checkout page not loading after the latest update.,Technical Support
Search feature not working please resolve this quickly.,Technical Support
Do you offer discounts and I need help.,General Inquiry
Do you offer discounts for my recent order.,General Inquiry
Checkout page not loading for the last two days.,Technical Support
Parcel missing please resolve this quickly.,Delivery
Gift wrapping available every time I try.,General Inquiry
Warranty period after the latest update.,General Inquiry
I was charged twice since yesterday.,Billing
Do you offer discounts as soon as possible.,General Inquiry
Wrong color received for my recent order.,Product
My payment failed as soon as possible.,Billing
Order still in transit since yesterday.,Delivery
Item is defective on my first attempt.,Product
Can I change my address as soon as possible.,General Inquiry
International shipping available and I need help.,General Inquiry
Server not responding every time I try.,Technical Support
I was charged twice since yesterday.,Billing
What are your business hours for my recent order.,General Inquiry
Missing parts for my recent order.,Product
Cannot log in after the latest update.,Technical Support
Delivery person never arrived and I need help.,Delivery
Payment gateway error every time I try.,Billing
Checkout page not loading for my recent order.,Technical Support
Website keeps crashing for my recent order.,Technical Support
Wrong color received since yesterday.,Product
Button not working for order #27892.,Product
Invoice is incorrect since yesterday.,Billing
International shipping available every time I try.,General Inquiry
Payment gateway error for order #74032.,Billing
Invoice is incorrect after the latest update.,Billing
Do you offer discounts for my recent order.,General Inquiry
How can I contact support and I need help.,General Inquiry
Cannot update payment method for my recent order.,Billing
Where is your office located as soon as possible.,General Inquiry
Gift wrapping available after the latest update.,General Inquiry
Warranty period for order #85009.,General Inquiry
Received after expected date after the latest update.,Delivery
What payment methods are accepted every time I try.,General Inquiry
Device overheats and I need help.,Product
Shipment delayed since yesterday.,Delivery
I was charged twice please resolve this quickly.,Billing
Missing parts as soon as possible.,Product
App is slow and I need help.,Technical Support
Wrong size received as soon as possible.,Product
Refund not received and I need help.,Billing
How can I contact support every time I try.,General Inquiry
Item is defective as soon as possible.,Product
Mobile app closes automatically after the latest update.,Technical Support
What payment methods are accepted please resolve this quickly.,General Inquiry
Button not working on my first attempt.,Product
Product arrived broken on my first attempt.,Product
Refund not received every time I try.,Billing
What are your business hours and I need help.,General Inquiry
Wrong size received please resolve this quickly.,Product
Gift wrapping available every time I try.,General Inquiry
Product arrived broken for the last two days.,Product
Can I cancel my order every time I try.,General Inquiry
Password reset not working for my recent order.,Technical Support
Tracking not updating for the last two days.,Delivery
Password reset not working for the last two days.,Technical Support
Invoice is incorrect for order #80644.,Billing
Application freezes since yesterday.,Technical Support
Server not responding after the latest update.,Technical Support
What payment methods are accepted every time I try.,General Inquiry
I was charged twice for order #44973.,Billing
Package arrived late and I need help.,Delivery
Package arrived late on my first attempt.,Delivery
International shipping available as soon as possible.,General Inquiry
Search feature not working for order #13441.,Technical Support
Payment gateway error on my first attempt.,Billing
Error message displayed please resolve this quickly.,Technical Support
Order still in transit every time I try.,Delivery
App is slow as soon as possible.,Technical Support
Do you offer discounts and I need help.,General Inquiry
App is slow and I need help.,Technical Support
Warranty period after the latest update.,General Inquiry
Device overheats please resolve this quickly.,Product
App is slow every time I try.,Technical Support
Refund not received after the latest update.,Billing
Package damaged during delivery for order #50538.,Delivery
Package not received and I need help.,Delivery
Missing parts for order #10150.,Product
Can I cancel my order as soon as possible.,General Inquiry
Need invoice copy please resolve this quickly.,Billing
Tracking not updating since yesterday.,Delivery
Payment gateway error for the last two days.,Billing
Mobile app closes automatically after the latest update.,Technical Support
I was charged twice for the last two days.,Billing
Need invoice copy please resolve this quickly.,Billing
Card declined incorrectly after the latest update.,Billing
Parcel missing and I need help.,Delivery
Shipment delayed please resolve this quickly.,Delivery
I was charged twice after the latest update.,Billing
Button not working for my recent order.,Product
Wrong color received on my first attempt.,Product
Server not responding on my first attempt.,Technical Support
Invoice is incorrect for my recent order.,Billing
Package damaged during delivery please resolve this quickly.,Delivery
Cannot update payment method for my recent order.,Billing
Do you offer discounts as soon as possible.,General Inquiry
Missing parts on my first attempt.,Product
Server not responding after the latest update.,Technical Support
Shipment delayed as soon as possible.,Delivery
What payment methods are accepted as soon as possible.,General Inquiry
Button not working for my recent order.,Product
Product stopped working every time I try.,Product
Wrong color received after the latest update.,Product
Missing parts and I need help.,Product
Error message displayed after the latest update.,Technical Support
Card declined incorrectly for my recent order.,Billing
Gift wrapping available and I need help.,General Inquiry
Package not received for the last two days.,Delivery
Invoice is incorrect since yesterday.,Billing
Wrong size received on my first attempt.,Product
How can I contact support for order #30056.,General Inquiry
Mobile app closes automatically since yesterday.,Technical Support
Unexpected billing amount every time I try.,Billing
Password reset not working and I need help.,Technical Support
Courier delivered to wrong address for my recent order.,Delivery
Search feature not working on my first attempt.,Technical Support
Product arrived broken every time I try.,Product
Card declined incorrectly every time I try.,Billing
Tracking not updating since yesterday.,Delivery
Courier delivered to wrong address after the latest update.,Delivery
Product stopped working for the last two days.,Product
Package damaged during delivery after the latest update.,Delivery
Shipment delayed and I need help.,Delivery
Product stopped working after the latest update.,Product
Refund not received after the latest update.,Billing
Cannot update payment method since yesterday.,Billing
Poor quality product after the latest update.,Product
Package not received since yesterday.,Delivery
Can I change my address since yesterday.,General Inquiry
Server not responding for my recent order.,Technical Support
Invoice is incorrect every time I try.,Billing
Card declined incorrectly since yesterday.,Billing
Device overheats for order #45720.,Product
Refund is delayed as soon as possible.,Billing
Delivery person never arrived as soon as possible.,Delivery
Wrong size received for the last two days.,Product
International shipping available for the last two days.,General Inquiry
Need invoice copy since yesterday.,Billing
Can I cancel my order on my first attempt.,General Inquiry
Mobile app closes automatically and I need help.,Technical Support
I was charged twice for order #21395.,Billing
Received after expected date as soon as possible.,Delivery
Product arrived broken every time I try.,Product
Unexpected billing amount after the latest update.,Billing
Warranty period after the latest update.,General Inquiry
Item is defective for my recent order.,Product
Wrong size received please resolve this quickly.,Product
Refund not received as soon as possible.,Billing
Checkout page not loading and I need help.,Technical Support
Where is your office located for the last two days.,General Inquiry
Server not responding and I need help.,Technical Support
Not as described for my recent order.,Product
Refund is delayed since yesterday.,Billing
Item is defective as soon as possible.,Product
Refund is delayed please resolve this quickly.,Billing
Device overheats every time I try.,Product
Product arrived broken as soon as possible.,Product
Refund not received on my first attempt.,Billing
What are your business hours after the latest update.,General Inquiry
Warranty period and I need help.,General Inquiry
Package not received please resolve this quickly.,Delivery
I was charged twice on my first attempt.,Billing
International shipping available for order #79135.,General Inquiry
Missing parts as soon as possible.,Product
Application freezes on my first attempt.,Technical Support
Cannot update payment method on my first attempt.,Billing
Refund not received after the latest update.,Billing
Poor quality product after the latest update.,Product
Error message displayed please resolve this quickly.,Technical Support
Package damaged during delivery every time I try.,Delivery
Poor quality product every time I try.,Product
Missing parts for order #57942.,Product
Checkout page not loading and I need help.,Technical Support
Refund is delayed for my recent order.,Billing
Product arrived broken for order #27781.,Product
I was charged twice as soon as possible.,Billing
Shipment delayed for my recent order.,Delivery
Button not working as soon as possible.,Product
Server not responding please resolve this quickly.,Technical Support
Gift wrapping available and I need help.,General Inquiry
Payment gateway error for order #89507.,Billing
Password reset not working for my recent order.,Technical Support
Received after expected date as soon as possible.,Delivery
Delivery person never arrived and I need help.,Delivery
Wrong size received and I need help.,Product
Warranty period for my recent order.,General Inquiry
Product stopped working for my recent order.,Product
Device overheats for order #74722.,Product
Warranty period for order #83616.,General Inquiry
Where is your office located for order #22245.,General Inquiry
Cannot log in every time I try.,Technical Support
Refund is delayed and I need help.,Billing
Do you offer discounts as soon as possible.,General Inquiry
Card declined incorrectly after the latest update.,Billing
Delivery person never arrived for my recent order.,Delivery
Order still in transit please resolve this quickly.,Delivery
Search feature not working for order #52622.,Technical Support
Package arrived late for order #26591.,Delivery
Mobile app closes automatically since yesterday.,Technical Support
Do you offer discounts for my recent order.,General Inquiry
Refund is delayed please resolve this quickly.,Billing
Package not received since yesterday.,Delivery
Poor quality product on my first attempt.,Product
Mobile app closes automatically since yesterday.,Technical Support
I was charged twice every time I try.,Billing
Parcel missing every time I try.,Delivery
Product stopped working for my recent order.,Product
Can I change my address on my first attempt.,General Inquiry
Gift wrapping available as soon as possible.,General Inquiry
Cannot log in for my recent order.,Technical Support
Received after expected date every time I try.,Delivery
Mobile app closes automatically after the latest update.,Technical Support
Gift wrapping available on my first attempt.,General Inquiry
Refund not received for my recent order.,Billing
Can I change my address and I need help.,General Inquiry
Poor quality product for the last two days.,Product
Package not received every time I try.,Delivery
Package not received for my recent order.,Delivery
Courier delivered to wrong address please resolve this quickly.,Delivery
Wrong size received as soon as possible.,Product
Package damaged during delivery on my first attempt.,Delivery
Order still in transit after the latest update.,Delivery
Package damaged during delivery on my first attempt.,Delivery
I was charged twice on my first attempt.,Billing
Package arrived late for order #42662.,Delivery
Delivery person never arrived and I need help.,Delivery
Checkout page not loading please resolve this quickly.,Technical Support
How can I contact support for my recent order.,General Inquiry
Invoice is incorrect every time I try.,Billing
Cannot update payment method after the latest update.,Billing
Error message displayed on my first attempt.,Technical Support
How can I contact support please resolve this quickly.,General Inquiry
Card declined incorrectly as soon as possible.,Billing
Gift wrapping available for my recent order.,General Inquiry
What payment methods are accepted for order #45972.,General Inquiry
Poor quality product for the last two days.,Product
Product arrived broken please resolve this quickly.,Product
Cannot log in for the last two days.,Technical Support
Do you offer discounts after the latest update.,General Inquiry
Search feature not working for order #60394.,Technical Support
Server not responding every time I try.,Technical Support
Website keeps crashing on my first attempt.,Technical Support
Mobile app closes automatically every time I try.,Technical Support
Package damaged during delivery after the latest update.,Delivery
Tracking not updating as soon as possible.,Delivery
Payment gateway error every time I try.,Billing
Server not responding for order #19724.,Technical Support
Order still in transit for my recent order.,Delivery
Search feature not working for my recent order.,Technical Support
Not as described on my first attempt.,Product
Can I cancel my order every time I try.,General Inquiry
Search feature not working after the latest update.,Technical Support
Need invoice copy on my first attempt.,Billing
Invoice is incorrect as soon as possible.,Billing
Package arrived late for the last two days.,Delivery
Poor quality product as soon as possible.,Product
Can I change my address for my recent order.,General Inquiry
Refund is delayed after the latest update.,Billing
Product arrived broken for my recent order.,Product
International shipping available for the last two days.,General Inquiry
Warranty period since yesterday.,General Inquiry
Password reset not working as soon as possible.,Technical Support
Item is defective every time I try.,Product
Package not received for order #13534.,Delivery
Parcel missing since yesterday.,Delivery
My payment failed please resolve this quickly.,Billing
Application freezes on my first attempt.,Technical Support
Missing parts after the latest update.,Product
Where is your office located as soon as possible.,General Inquiry
Card declined incorrectly please resolve this quickly.,Billing
Error message displayed for the last two days.,Technical Support
Tracking not updating since yesterday.,Delivery
Refund is delayed please resolve this quickly.,Billing
Missing parts after the latest update.,Product
Device overheats after the latest update.,Product
Unexpected billing amount for my recent order.,Billing
Cannot update payment method for the last two days.,Billing
Button not working since yesterday.,Product
Refund is delayed for order #14722.,Billing
Card declined incorrectly on my first attempt.,Billing
Checkout page not loading as soon as possible.,Technical Support
Not as described since yesterday.,Product
Tracking not updating after the latest update.,Delivery
Warranty period every time I try.,General Inquiry
Website keeps crashing every time I try.,Technical Support
Cannot update payment method since yesterday.,Billing
Card declined incorrectly for my recent order.,Billing
Mobile app closes automatically for order #91490.,Technical Support
Delivery person never arrived for the last two days.,Delivery
Received after expected date and I need help.,Delivery
What are your business hours as soon as possible.,General Inquiry
Received after expected date please resolve this quickly.,Delivery
Server not responding and I need help.,Technical Support
Not as described please resolve this quickly.,Product
Product stopped working and I need help.,Product
Password reset not working for the last two days.,Technical Support
Item is defective for order #39466.,Product
Refund not received for order #11025.,Billing
Where is your office located and I need help.,General Inquiry
My payment failed since yesterday.,Billing
Password reset not working every time I try.,Technical Support
Gift wrapping available and I need help.,General Inquiry
Server not responding every time I try.,Technical Support
Not as described and I need help.,Product
Server not responding every time I try.,Technical Support
Parcel missing on my first attempt.,Delivery
Not as described for my recent order.,Product
Need invoice copy on my first attempt.,Billing
Card declined incorrectly as soon as possible.,Billing
Package damaged during delivery for order #97012.,Delivery
Checkout page not loading and I need help.,Technical Support
Package damaged during delivery for my recent order.,Delivery
Product arrived broken on my first attempt.,Product
Application freezes after the latest update.,Technical Support
Unexpected billing amount and I need help.,Billing
Warranty period for the last two days.,General Inquiry
Package not received after the latest update.,Delivery
App is slow and I need help.,Technical Support
Search feature not working every time I try.,Technical Support
Mobile app closes automatically for the last two days.,Technical Support
Invoice is incorrect on my first attempt.,Billing
Where is your office located for my recent order.,General Inquiry
Delivery person never arrived for the last two days.,Delivery
Search feature not working as soon as possible.,Technical Support
Can I cancel my order as soon as possible.,General Inquiry
Order still in transit please resolve this quickly.,Delivery
Missing parts every time I try.,Product
Package arrived late after the latest update.,Delivery
Delivery person never arrived after the latest update.,Delivery
Not as described since yesterday.,Product
Application freezes please resolve this quickly.,Technical Support
Shipment delayed for my recent order.,Delivery
Gift wrapping available please resolve this quickly.,General Inquiry
Product arrived broken for order #57419.,Product
Shipment delayed as soon as possible.,Delivery
I was charged twice for order #26483.,Billing
Search feature not working for the last two days.,Technical Support
How can I contact support and I need help.,General Inquiry
Invoice is incorrect for the last two days.,Billing
Package damaged during delivery please resolve this quickly.,Delivery
Refund is delayed for my recent order.,Billing
Website keeps crashing please resolve this quickly.,Technical Support
Received after expected date on my first attempt.,Delivery
Item is defective every time I try.,Product
Courier delivered to wrong address for the last two days.,Delivery
Not as described for my recent order.,Product
What are your business hours please resolve this quickly.,General Inquiry
Wrong color received after the latest update.,Product
Unexpected billing amount since yesterday.,Billing
Courier delivered to wrong address please resolve this quickly.,Delivery
Delivery person never arrived as soon as possible.,Delivery
International shipping available on my first attempt.,General Inquiry
International shipping available for order #59015.,General Inquiry
Item is defective every time I try.,Product
Order still in transit please resolve this quickly.,Delivery
Do you offer discounts as soon as possible.,General Inquiry
Package not received after the latest update.,Delivery
Item is defective and I need help.,Product
Gift wrapping available please resolve this quickly.,General Inquiry
Server not responding for the last two days.,Technical Support
What are your business hours every time I try.,General Inquiry
Cannot log in for order #92998.,Technical Support
Gift wrapping available as soon as possible.,General Inquiry
Password reset not working for the last two days.,Technical Support
Received after expected date since yesterday.,Delivery
Received after expected date since yesterday.,Delivery
Parcel missing on my first attempt.,Delivery
Do you offer discounts and I need help.,General Inquiry
Shipment delayed on my first attempt.,Delivery
Order still in transit every time I try.,Delivery
Need invoice copy on my first attempt.,Billing
Product stopped working every time I try.,Product
Error message displayed after the latest update.,Technical Support
Tracking not updating every time I try.,Delivery
Checkout page not loading after the latest update.,Technical Support
Do you offer discounts as soon as possible.,General Inquiry
Server not responding for order #58176.,Technical Support
International shipping available for my recent order.,General Inquiry
How can I contact support on my first attempt.,General Inquiry
Password reset not working as soon as possible.,Technical Support
Website keeps crashing since yesterday.,Technical Support
Received after expected date and I need help.,Delivery
Poor quality product on my first attempt.,Product
Received after expected date on my first attempt.,Delivery
Gift wrapping available please resolve this quickly.,General Inquiry
Not as described for order #28958.,Product
Card declined incorrectly since yesterday.,Billing
Gift wrapping available for my recent order.,General Inquiry
Package damaged during delivery as soon as possible.,Delivery
Wrong size received since yesterday.,Product
Missing parts every time I try.,Product
Password reset not working every time I try.,Technical Support
Shipment delayed every time I try.,Delivery
Product stopped working since yesterday.,Product
Delivery person never arrived for the last two days.,Delivery
Do you offer discounts every time I try.,General Inquiry
Invoice is incorrect for the last two days.,Billing
Cannot log in for order #76840.,Technical Support
Cannot update payment method after the latest update.,Billing
Cannot log in for the last two days.,Technical Support
Cannot log in and I need help.,Technical Support
Warranty period since yesterday.,General Inquiry
Device overheats for order #59441.,Product
Search feature not working every time I try.,Technical Support
How can I contact support as soon as possible.,General Inquiry
Wrong color received please resolve this quickly.,Product
Wrong size received for the last two days.,Product
Package not received for my recent order.,Delivery
Mobile app closes automatically for the last two days.,Technical Support
Not as described after the latest update.,Product
Card declined incorrectly for my recent order.,Billing
Missing parts and I need help.,Product
Order still in transit after the latest update.,Delivery
Missing parts since yesterday.,Product
Refund not received for my recent order.,Billing
Unexpected billing amount since yesterday.,Billing
Do you offer discounts and I need help.,General Inquiry
Application freezes after the latest update.,Technical Support
Not as described on my first attempt.,Product
Cannot update payment method and I need help.,Billing
Delivery person never arrived as soon as possible.,Delivery
Website keeps crashing as soon as possible.,Technical Support
Warranty period on my first attempt.,General Inquiry
I was charged twice since yesterday.,Billing
Package arrived late every time I try.,Delivery
Can I cancel my order on my first attempt.,General Inquiry
Error message displayed for the last two days.,Technical Support
Cannot log in for order #38183.,Technical Support
Where is your office located every time I try.,General Inquiry
Can I change my address on my first attempt.,General Inquiry
Wrong size received for my recent order.,Product
Refund is delayed for my recent order.,Billing
Poor quality product for order #87356.,Product
Gift wrapping available for order #48058.,General Inquiry
Can I cancel my order for order #11071.,General Inquiry
Search feature not working since yesterday.,Technical Support
Package not received for the last two days.,Delivery
Product arrived broken after the latest update.,Product
Not as described after the latest update.,Product
Checkout page not loading as soon as possible.,Technical Support
International shipping available every time I try.,General Inquiry
Cannot log in for order #38197.,Technical Support
Order still in transit please resolve this quickly.,Delivery
Where is your office located for the last two days.,General Inquiry
Website keeps crashing every time I try.,Technical Support
Invoice is incorrect for my recent order.,Billing
Cannot log in after the latest update.,Technical Support
Mobile app closes automatically since yesterday.,Technical Support
Where is your office located as soon as possible.,General Inquiry
Website keeps crashing and I need help.,Technical Support
What payment methods are accepted please resolve this quickly.,General Inquiry
Package not received for the last two days.,Delivery
Product arrived broken after the latest update.,Product
Not as described after the latest update.,Product
Invoice is incorrect for order #68800.,Billing
Application freezes for my recent order.,Technical Support
Courier delivered to wrong address for my recent order.,Delivery
Package damaged during delivery since yesterday.,Delivery
Unexpected billing amount after the latest update.,Billing
Can I change my address for the last two days.,General Inquiry
Product arrived broken please resolve this quickly.,Product
Do you offer discounts for order #93859.,General Inquiry
Item is defective after the latest update.,Product
App is slow after the latest update.,Technical Support
Device overheats please resolve this quickly.,Product
Poor quality product after the latest update.,Product
What payment methods are accepted please resolve this quickly.,General Inquiry
Can I change my address since yesterday.,General Inquiry
Missing parts for the last two days.,Product
Shipment delayed and I need help.,Delivery
Website keeps crashing and I need help.,Technical Support
Courier delivered to wrong address since yesterday.,Delivery
What are your business hours on my first attempt.,General Inquiry
Error message displayed for order #78517.,Technical Support
Application freezes for my recent order.,Technical Support
Item is defective on my first attempt.,Product
Payment gateway error for my recent order.,Billing
Parcel missing for order #66148.,Delivery
Cannot log in every time I try.,Technical Support
Package not received for order #73372.,Delivery
Refund not received after the latest update.,Billing
Item is defective as soon as possible.,Product
How can I contact support every time I try.,General Inquiry
Error message displayed since yesterday.,Technical Support
Need invoice copy for the last two days.,Billing
Device overheats for my recent order.,Product
Wrong size received on my first attempt.,Product
Button not working please resolve this quickly.,Product
Can I change my address for the last two days.,General Inquiry
Shipment delayed for the last two days.,Delivery
Error message displayed as soon as possible.,Technical Support
I was charged twice for the last two days.,Billing
Cannot update payment method since yesterday.,Billing
Do you offer discounts for my recent order.,General Inquiry
Cannot update payment method please resolve this quickly.,Billing
Wrong size received and I need help.,Product
Product arrived broken for my recent order.,Product
Button not working every time I try.,Product
Cannot log in as soon as possible.,Technical Support
Package damaged during delivery and I need help.,Delivery
Cannot update payment method on my first attempt.,Billing
Checkout page not loading for order #59372.,Technical Support
Warranty period please resolve this quickly.,General Inquiry
What are your business hours as soon as possible.,General Inquiry
Item is defective as soon as possible.,Product
Package damaged during delivery and I need help.,Delivery
International shipping available since yesterday.,General Inquiry
Shipment delayed as soon as possible.,Delivery
Product arrived broken for my recent order.,Product
Payment gateway error as soon as possible.,Billing
Refund not received for order #17989.,Billing
Need invoice copy as soon as possible.,Billing
Cannot log in and I need help.,Technical Support
Server not responding after the latest update.,Technical Support
Mobile app closes automatically please resolve this quickly.,Technical Support
How can I contact support for order #81313.,General Inquiry
Package damaged during delivery please resolve this quickly.,Delivery
Device overheats after the latest update.,Product
Password reset not working after the latest update.,Technical Support
Wrong size received for order #11792.,Product
Button not working every time I try.,Product
Package not received on my first attempt.,Delivery
I was charged twice and I need help.,Billing
Tracking not updating as soon as possible.,Delivery
Missing parts and I need help.,Product
Package not received for order #88222.,Delivery
Invoice is incorrect on my first attempt.,Billing
Wrong size received as soon as possible.,Product
Missing parts for my recent order.,Product
Invoice is incorrect every time I try.,Billing
Wrong size received since yesterday.,Product
Need invoice copy every time I try.,Billing
Order still in transit and I need help.,Delivery
